loss,mae,msle,acc,recall_23,precision_23,auc_23,true_positives_23,true_negatives_23,false_negatives_23,false_positives_23,val_loss,val_mae,val_msle,val_acc,val_recall_23,val_precision_23,val_auc_23,val_true_positives_23,val_true_negatives_23,val_false_negatives_23,val_false_positives_23
0.920902341462317,0.49202805757522583,0.17185606062412262,0.5123015642166138,0.5357142686843872,0.17871326208114624,0.5313287973403931,450.0,2132.0,390.0,2068.0,0.6874043941497803,0.49711331725120544,0.14922447502613068,0.8420221209526062,0.5260663628578186,0.5260663628578186,0.7156397104263306,111.0,955.0,100.0,100.0
0.8750555786348525,0.4866882264614105,0.16811144351959229,0.517063558101654,0.5654761791229248,0.1867138296365738,0.5491374731063843,475.0,2131.0,365.0,2069.0,0.6812522411346436,0.49398890137672424,0.1475052684545517,0.8420221209526062,0.5260663628578186,0.5260663628578186,0.7867298722267151,111.0,955.0,100.0,100.0
0.8216202991349356,0.48113319277763367,0.16164936125278473,0.5250000357627869,0.561904788017273,0.18895116448402405,0.5640203952789307,472.0,2174.0,368.0,2026.0,0.6749578714370728,0.4907563626766205,0.1457352638244629,0.8420221209526062,0.5260663628578186,0.5260663628578186,0.8085307478904724,111.0,955.0,100.0,100.0
0.8015930560373125,0.4821614623069763,0.16042082011699677,0.5299603343009949,0.5416666865348816,0.18655186891555786,0.5560870170593262,455.0,2216.0,385.0,1984.0,0.6691938638687134,0.48776376247406006,0.14410698413848877,0.8420221209526062,0.5260663628578186,0.5260663628578186,0.8085308074951172,111.0,955.0,100.0,100.0
0.7778923036087126,0.47412994503974915,0.1552247852087021,0.5452380776405334,0.5714285969734192,0.19900497794151306,0.5852534174919128,480.0,2268.0,360.0,1932.0,0.663521945476532,0.48478835821151733,0.14248761534690857,0.8420221209526062,0.5260663628578186,0.5260663628578186,0.8142180442810059,111.0,955.0,100.0,100.0
0.750344766605468,0.470517635345459,0.15218985080718994,0.5597222447395325,0.574999988079071,0.2059701532125473,0.585534930229187,483.0,2338.0,357.0,1862.0,0.658055305480957,0.48189035058021545,0.1409166008234024,0.8420221209526062,0.5260663628578186,0.5260663628578186,0.8082208633422852,111.0,955.0,100.0,100.0
0.7398032675186793,0.46600496768951416,0.14944230020046234,0.564484179019928,0.5880952477455139,0.21084080636501312,0.6071716547012329,494.0,2351.0,346.0,1849.0,0.6527889966964722,0.4790705144405365,0.1393975168466568,0.8333333134651184,0.0,0.0,0.8085308074951172,0.0,1055.0,211.0,0.0
0.7242925121670678,0.4608994126319885,0.14682887494564056,0.5730158686637878,0.5928571224212646,0.21577122807502747,0.6136906147003174,498.0,2390.0,342.0,1810.0,0.647386908531189,0.4761492609977722,0.13783571124076843,0.8333333134651184,0.0,0.0,0.8142180442810059,0.0,1055.0,211.0,0.0
0.6949523536931901,0.4529176950454712,0.14199210703372955,0.5910714268684387,0.6380952596664429,0.23375490307807922,0.6520246267318726,536.0,2443.0,304.0,1757.0,0.6420891880989075,0.4732554256916046,0.13629886507987976,0.8333333134651184,0.0,0.0,0.8074392080307007,0.0,1055.0,211.0,0.0
0.6957182570582344,0.4554785490036011,0.14213648438453674,0.5976190567016602,0.6095238327980042,0.23146474361419678,0.6313738822937012,512.0,2500.0,328.0,1700.0,0.636756420135498,0.47031405568122864,0.13474847376346588,0.8333333134651184,0.0,0.0,0.8142180442810059,0.0,1055.0,211.0,0.0
0.6760730117559433,0.44712167978286743,0.13750286400318146,0.6132936477661133,0.5833333134651184,0.2345619946718216,0.6441047191619873,490.0,2601.0,350.0,1599.0,0.6313668489456177,0.4673117697238922,0.13318076729774475,0.8333333134651184,0.0,0.0,0.8142180442810059,0.0,1055.0,211.0,0.0
0.671994705994924,0.44603461027145386,0.13686659932136536,0.6198412179946899,0.5880952477455139,0.23934108018875122,0.656549870967865,494.0,2630.0,346.0,1570.0,0.6259973645210266,0.46429020166397095,0.13161222636699677,0.8333333134651184,0.0,0.0,0.8097301721572876,0.0,1055.0,211.0,0.0
0.6579554848727726,0.43869516253471375,0.13367050886154175,0.6420634388923645,0.6380952596664429,0.2632612884044647,0.6858565211296082,536.0,2700.0,304.0,1500.0,0.620476245880127,0.46115127205848694,0.1299898624420166,0.8333333134651184,0.0,0.0,0.8142180442810059,0.0,1055.0,211.0,0.0
0.6473700371526536,0.4344330430030823,0.1311517357826233,0.6482142806053162,0.6273809671401978,0.2652239501476288,0.6850816011428833,527.0,2740.0,313.0,1460.0,0.6148592829704285,0.45792484283447266,0.12833479046821594,0.8333333134651184,0.0,0.0,0.8142180442810059,0.0,1055.0,211.0,0.0
0.6332058130275635,0.4276711344718933,0.1285889744758606,0.6535714268684387,0.648809552192688,0.2730461061000824,0.7046825885772705,545.0,2749.0,295.0,1451.0,0.6092789769172668,0.4546841084957123,0.12668581306934357,0.8333333134651184,0.0,0.0,0.8089755773544312,0.0,1055.0,211.0,0.0
0.6383416559015002,0.42951464653015137,0.12919452786445618,0.6569443941116333,0.6178571581840515,0.26933056116104126,0.6834458708763123,519.0,2792.0,321.0,1408.0,0.6035724878311157,0.45133399963378906,0.12499638646841049,0.8333333134651184,0.0,0.0,0.8159340620040894,0.0,1055.0,211.0,0.0
0.6167784380061286,0.4174697995185852,0.12390202283859253,0.6833333373069763,0.6619047522544861,0.2976445257663727,0.7259390354156494,556.0,2888.0,284.0,1312.0,0.5976653099060059,0.4478280544281006,0.12324892729520798,0.8333333134651184,0.0,0.0,0.8123222589492798,0.0,1055.0,211.0,0.0
0.6145721781821478,0.4150333106517792,0.12282298505306244,0.6936508417129517,0.648809552192688,0.303790420293808,0.7276777029037476,545.0,2951.0,295.0,1249.0,0.5917295217514038,0.44426441192626953,0.1214914619922638,0.8333333134651184,0.0,0.0,0.8123222589492798,0.0,1055.0,211.0,0.0
0.6028979221979777,0.4106138050556183,0.12054579704999924,0.7007936835289001,0.6476190686225891,0.30979499220848083,0.7345914840698242,544.0,2988.0,296.0,1212.0,0.5855957865715027,0.44053664803504944,0.11966703832149506,0.8333333134651184,0.0,0.0,0.8085308074951172,0.0,1055.0,211.0,0.0
0.5943694196996234,0.4060969352722168,0.11829309165477753,0.7138888239860535,0.651190459728241,0.3225235939025879,0.7422567009925842,547.0,3051.0,293.0,1149.0,0.5792855024337769,0.43665218353271484,0.1177821233868599,0.8333333134651184,0.0,0.0,0.8085308074951172,0.0,1055.0,211.0,0.0
0.5741981956220809,0.39998722076416016,0.1142403706908226,0.7285714149475098,0.6642857193946838,0.3394160568714142,0.7596264481544495,558.0,3114.0,282.0,1086.0,0.57282555103302,0.4326220452785492,0.11584727466106415,0.8333333134651184,0.0,0.0,0.8085308074951172,0.0,1055.0,211.0,0.0
0.5669823034888222,0.39538195729255676,0.11239736527204514,0.7327380776405334,0.6345238089561462,0.3388429880142212,0.7547900676727295,533.0,3160.0,307.0,1040.0,0.5662187933921814,0.42844176292419434,0.11386799812316895,0.8333333134651184,0.0,0.0,0.8085308074951172,0.0,1055.0,211.0,0.0
0.5624963510604132,0.3911266624927521,0.11106392741203308,0.7402777671813965,0.6333333253860474,0.34703195095062256,0.7545371651649475,532.0,3199.0,308.0,1001.0,0.559409499168396,0.4240734577178955,0.1118314191699028,0.8333333134651184,0.0,0.0,0.8074930906295776,0.0,1055.0,211.0,0.0
0.5535879343748092,0.3851337730884552,0.10860323905944824,0.7509921193122864,0.6404761672019958,0.3608316481113434,0.7659575939178467,538.0,3247.0,302.0,953.0,0.5521767139434814,0.4193696677684784,0.10967564582824707,0.8333333134651184,0.0,0.0,0.8047393560409546,0.0,1055.0,211.0,0.0
0.5401690944319679,0.3785479962825775,0.10520980507135391,0.7656745314598083,0.6595237851142883,0.3823326528072357,0.7828194499015808,554.0,3305.0,286.0,895.0,0.5448360443115234,0.4145212769508362,0.10748283565044403,0.8333333134651184,0.0,0.0,0.805056095123291,0.0,1055.0,211.0,0.0
0.5312615916842506,0.37153610587120056,0.10272113233804703,0.7793651223182678,0.6714285612106323,0.4028571546077728,0.7968772649765015,564.0,3364.0,276.0,836.0,0.5375728011131287,0.4096516966819763,0.1053047701716423,0.8562400937080383,0.4644549787044525,0.5868263244628906,0.8142449855804443,98.0,986.0,113.0,69.0
0.524528685495967,0.36740344762802124,0.10072314739227295,0.7841269969940186,0.6595237851142883,0.4085545837879181,0.7966558337211609,554.0,3398.0,286.0,802.0,0.5304449796676636,0.40479904413223267,0.10315623134374619,0.8538705706596375,0.3886255919933319,0.5942028760910034,0.8055052757263184,82.0,999.0,129.0,56.0
0.515382078006154,0.3615674674510956,0.09863674640655518,0.7900792956352234,0.6761904954910278,0.4194977879524231,0.8116074800491333,568.0,3414.0,272.0,786.0,0.5234842300415039,0.39998891949653625,0.1010526791214943,0.8404422998428345,0.12322274595499039,0.604651153087616,0.8047393560409546,26.0,1038.0,185.0,17.0
0.49792533481404894,0.3519672155380249,0.09493707120418549,0.7970238327980042,0.6785714030265808,0.43083900213241577,0.8213476538658142,570.0,3447.0,270.0,753.0,0.5159545540809631,0.39470377564430237,0.09878899157047272,0.850710928440094,0.3507108986377716,0.5873016119003296,0.8047393560409546,74.0,1003.0,137.0,52.0
0.5139580949431374,0.3560910224914551,0.09673421829938889,0.7952380776405334,0.6499999761581421,0.4252336323261261,0.7970768213272095,546.0,3462.0,294.0,738.0,0.5078833103179932,0.38893741369247437,0.09638650715351105,0.8420221209526062,0.5260663628578186,0.5260663628578186,0.8115001916885376,111.0,955.0,100.0,100.0
0.4946095297733943,0.34812235832214355,0.09271389245986938,0.8049602508544922,0.6571428775787354,0.44266238808631897,0.8121601343154907,552.0,3505.0,288.0,695.0,0.4996483325958252,0.38294586539268494,0.093943290412426,0.8420221209526062,0.5260663628578186,0.5260663628578186,0.8047393560409546,111.0,955.0,100.0,100.0
0.48922114336774464,0.3418078124523163,0.09086280316114426,0.8103173971176147,0.6428571343421936,0.45150500535964966,0.8122745752334595,540.0,3544.0,300.0,656.0,0.4916607737541199,0.3770195543766022,0.09158729016780853,0.8420221209526062,0.5260663628578186,0.5260663628578186,0.8047393560409546,111.0,955.0,100.0,100.0
0.4761052927091008,0.3389940559864044,0.08861911296844482,0.8154761791229248,0.6392857432365417,0.4613402187824249,0.8178389668464661,537.0,3573.0,303.0,627.0,0.48418641090393066,0.37135806679725647,0.08938351273536682,0.8420221209526062,0.5260663628578186,0.5260663628578186,0.8126816749572754,111.0,955.0,100.0,100.0
0.46723012945481707,0.3338802754878998,0.08626200258731842,0.8291666507720947,0.6476190686225891,0.4905320107936859,0.8257349133491516,544.0,3635.0,296.0,565.0,0.4769991934299469,0.3657991588115692,0.08726807683706284,0.8420221209526062,0.5260663628578186,0.5260663628578186,0.8071179389953613,111.0,955.0,100.0,100.0
0.45290279388427734,0.3248472809791565,0.082755908370018,0.8281745314598083,0.6357142925262451,0.4881170094013214,0.8351669907569885,534.0,3640.0,306.0,560.0,0.46975451707839966,0.3600722849369049,0.0851372480392456,0.8420221209526062,0.5260663628578186,0.5260663628578186,0.8051144480705261,111.0,955.0,100.0,100.0
0.4358901663195519,0.3148851990699768,0.0790502205491066,0.8404762148857117,0.651190459728241,0.5170132517814636,0.8449303507804871,547.0,3689.0,293.0,511.0,0.46223655343055725,0.3539787828922272,0.08292520046234131,0.8420221209526062,0.5260663628578186,0.5260663628578186,0.8055388927459717,111.0,955.0,100.0,100.0
0.4366685220883006,0.31254422664642334,0.07797391712665558,0.8470237851142883,0.6392857432365417,0.5343283414840698,0.8421613574028015,537.0,3732.0,303.0,468.0,0.45472264289855957,0.3477329909801483,0.08071757853031158,0.8420221209526062,0.5260663628578186,0.5260663628578186,0.8214280605316162,111.0,955.0,100.0,100.0
0.4273431667259761,0.305405855178833,0.07596245408058167,0.8484126329421997,0.636904776096344,0.5382294058799744,0.845948338508606,535.0,3741.0,305.0,459.0,0.44755566120147705,0.34165260195732117,0.07862520217895508,0.8420221209526062,0.5260663628578186,0.5260663628578186,0.8047393560409546,111.0,955.0,100.0,100.0
0.4234522078008879,0.30073389410972595,0.07427909970283508,0.8454365134239197,0.6309523582458496,0.5305305123329163,0.8498931527137756,530.0,3731.0,310.0,469.0,0.44101035594940186,0.3359871208667755,0.0767364352941513,0.8420221209526062,0.5260663628578186,0.5260663628578186,0.8094831705093384,111.0,955.0,100.0,100.0
0.4206670208346276,0.29827895760536194,0.0732315331697464,0.8509920239448547,0.6226190328598022,0.546499490737915,0.8497911095619202,523.0,3766.0,317.0,434.0,0.43480461835861206,0.33054718375205994,0.07497163116931915,0.8420221209526062,0.5260663628578186,0.5260663628578186,0.8047393560409546,111.0,955.0,100.0,100.0
0.4029895830012503,0.2886110246181488,0.06988230347633362,0.8593253493309021,0.6559523940086365,0.5674562454223633,0.8611785769462585,551.0,3780.0,289.0,420.0,0.428728848695755,0.32512104511260986,0.07327784597873688,0.8420221209526062,0.5260663628578186,0.5260663628578186,0.8121470212936401,111.0,955.0,100.0,100.0
0.3938933841529347,0.28065985441207886,0.06708983331918716,0.8650793433189392,0.6714285612106323,0.5826446413993835,0.867830753326416,564.0,3796.0,276.0,404.0,0.42265886068344116,0.31954091787338257,0.07160543650388718,0.8420221209526062,0.5260663628578186,0.5260663628578186,0.8107005953788757,111.0,955.0,100.0,100.0
0.40318828111603144,0.28213781118392944,0.06864280998706818,0.8571428656578064,0.6345238089561462,0.5634249448776245,0.8463829755783081,533.0,3787.0,307.0,413.0,0.4164929986000061,0.3137015998363495,0.06992438435554504,0.8420221209526062,0.5260663628578186,0.5260663628578186,0.8220210075378418,111.0,955.0,100.0,100.0
0.3753647960367657,0.26944056153297424,0.06312588602304459,0.8706349730491638,0.6642857193946838,0.6012930870056152,0.8768962621688843,558.0,3830.0,282.0,370.0,0.4105776846408844,0.3078506886959076,0.06834818422794342,0.8420221209526062,0.5260663628578186,0.5260663628578186,0.8299634456634521,111.0,955.0,100.0,100.0
0.3814388527047066,0.2699921131134033,0.06348763406276703,0.8625000715255737,0.625,0.5813953280448914,0.8655728697776794,525.0,3822.0,315.0,378.0,0.4055808484554291,0.30263614654541016,0.06703532487154007,0.8420221209526062,0.5260663628578186,0.5260663628578186,0.8123222589492798,111.0,955.0,100.0,100.0
0.3703582975126448,0.264472097158432,0.061631619930267334,0.8674602508544922,0.6333333253860474,0.5964125394821167,0.8707358241081238,532.0,3840.0,308.0,360.0,0.40111762285232544,0.2977634072303772,0.06584962457418442,0.8420221209526062,0.5260663628578186,0.5260663628578186,0.8085308074951172,111.0,955.0,100.0,100.0
0.35822336964664003,0.25745317339897156,0.059039078652858734,0.8732143044471741,0.6107142567634583,0.6218181848526001,0.8763012290000916,513.0,3888.0,327.0,312.0,0.39697515964508057,0.2931597828865051,0.06474026292562485,0.8420221209526062,0.5260663628578186,0.5260663628578186,0.8047393560409546,111.0,955.0,100.0,100.0
0.3627562407936369,0.2533329427242279,0.05899174511432648,0.8751983642578125,0.6321428418159485,0.6239718198776245,0.8686050772666931,531.0,3880.0,309.0,320.0,0.39285698533058167,0.28859928250312805,0.06364604085683823,0.8420221209526062,0.5260663628578186,0.5260663628578186,0.8220345973968506,111.0,955.0,100.0,100.0
0.3506747451566514,0.2463127076625824,0.05675770714879036,0.876984179019928,0.6476190686225891,0.6267281174659729,0.8752094507217407,544.0,3876.0,296.0,324.0,0.38900402188301086,0.2843714952468872,0.06262047588825226,0.8420221209526062,0.5260663628578186,0.5260663628578186,0.8266435861587524,111.0,955.0,100.0,100.0
0.3348388556213606,0.23783178627490997,0.05352109670639038,0.8873015642166138,0.6678571701049805,0.6600000262260437,0.887142539024353,561.0,3911.0,279.0,289.0,0.38547688722610474,0.2803974151611328,0.06169780343770981,0.8420221209526062,0.5260663628578186,0.5260663628578186,0.8049886226654053,111.0,955.0,100.0,100.0
0.34046025567111515,0.23966547846794128,0.05516844242811203,0.872420608997345,0.6464285850524902,0.6107986569404602,0.8824216723442078,543.0,3854.0,297.0,346.0,0.38188183307647705,0.2761830985546112,0.060774851590394974,0.8420221209526062,0.5260663628578186,0.5260663628578186,0.8043237924575806,111.0,955.0,100.0,100.0
0.33937144861334845,0.23541881144046783,0.05411602556705475,0.8738095164299011,0.6380952596664429,0.617511510848999,0.8825516700744629,536.0,3868.0,304.0,332.0,0.37828347086906433,0.2717013955116272,0.059888482093811035,0.8420221209526062,0.5260663628578186,0.5260663628578186,0.8085308074951172,111.0,955.0,100.0,100.0
0.32635145967914947,0.22989265620708466,0.05189541354775429,0.879563570022583,0.651190459728241,0.635307788848877,0.8952060341835022,547.0,3886.0,293.0,314.0,0.3751203417778015,0.2676292657852173,0.059152331203222275,0.8420221209526062,0.5260663628578186,0.5260663628578186,0.8169919848442078,111.0,955.0,100.0,100.0
0.3254254896016348,0.22784072160720825,0.05178677290678024,0.8809523582458496,0.6452381014823914,0.6421800851821899,0.8837182521820068,542.0,3898.0,298.0,302.0,0.3722686171531677,0.26382750272750854,0.058484598994255066,0.8420221209526062,0.5260663628578186,0.5260663628578186,0.8125379085540771,111.0,955.0,100.0,100.0
0.31625679220472064,0.21786263585090637,0.04859941452741623,0.884920597076416,0.6499999761581421,0.65625,0.9017554521560669,546.0,3914.0,294.0,286.0,0.3698701560497284,0.260497123003006,0.05794277414679527,0.8420221209526062,0.5260663628578186,0.5260663628578186,0.8140518069267273,111.0,955.0,100.0,100.0
0.3144021269820985,0.2174118608236313,0.048969294875860214,0.8813492655754089,0.6202380657196045,0.6512500047683716,0.8904572129249573,521.0,3921.0,319.0,279.0,0.36770498752593994,0.2573181986808777,0.05744938552379608,0.8420221209526062,0.5260663628578186,0.5260663628578186,0.8214371204376221,111.0,955.0,100.0,100.0
0.3118513618906339,0.21617041528224945,0.04850771650671959,0.8873016238212585,0.6559523940086365,0.6638554334640503,0.893619179725647,551.0,3921.0,289.0,279.0,0.36574795842170715,0.254390686750412,0.057024113833904266,0.8420221209526062,0.5260663628578186,0.5260663628578186,0.8204779624938965,111.0,955.0,100.0,100.0
0.29980488164084296,0.20895715057849884,0.04607779160141945,0.8896825909614563,0.6547619104385376,0.6740196347236633,0.9028705358505249,550.0,3934.0,290.0,266.0,0.363802045583725,0.2512291669845581,0.0565955825150013,0.8420221209526062,0.5260663628578186,0.5260663628578186,0.818020761013031,111.0,955.0,100.0,100.0
0.30425669103860853,0.20858284831047058,0.04684912785887718,0.8851190209388733,0.6464285850524902,0.6581818461418152,0.8958227634429932,543.0,3918.0,297.0,282.0,0.36180248856544495,0.24772211909294128,0.056131355464458466,0.8420221209526062,0.5260663628578186,0.5260663628578186,0.8123222589492798,111.0,955.0,100.0,100.0
0.30483948198102767,0.2068171501159668,0.04718936234712601,0.8805555701255798,0.6285714507102966,0.645476758480072,0.8976354598999023,528.0,3910.0,312.0,290.0,0.36028334498405457,0.24488133192062378,0.05576924979686737,0.8420221209526062,0.5260663628578186,0.5260663628578186,0.8124008178710938,111.0,955.0,100.0,100.0
0.2942792520636604,0.202839657664299,0.045230165123939514,0.8845238089561462,0.6392857432365417,0.658088207244873,0.9111617207527161,537.0,3921.0,303.0,279.0,0.3591119050979614,0.24256831407546997,0.055485647171735764,0.8420221209526062,0.5260663628578186,0.5260663628578186,0.8135710954666138,111.0,955.0,100.0,100.0
0.2933505161177544,0.1998206526041031,0.04466231167316437,0.8880952596664429,0.6499999761581421,0.6691176295280457,0.9050283432006836,546.0,3930.0,294.0,270.0,0.35791507363319397,0.2399989664554596,0.05521359294652939,0.8420221209526062,0.5260663628578186,0.5260663628578186,0.8094202280044556,111.0,955.0,100.0,100.0
0.2909979896886008,0.19735392928123474,0.044187404215335846,0.8880952596664429,0.6404761672019958,0.6725000143051147,0.9069231748580933,538.0,3938.0,302.0,262.0,0.3569018542766571,0.2375173270702362,0.05500074848532677,0.8420221209526062,0.5260663628578186,0.5260663628578186,0.8176096677780151,111.0,955.0,100.0,100.0
0.2852888721795309,0.19143418967723846,0.04347986355423927,0.8861111402511597,0.636904776096344,0.6654228568077087,0.9091265797615051,535.0,3931.0,305.0,269.0,0.356049120426178,0.23541511595249176,0.054832376539707184,0.8420221209526062,0.5260663628578186,0.5260663628578186,0.8323578238487244,111.0,955.0,100.0,100.0
0.2905539753891173,0.19172628223896027,0.04378977417945862,0.8880952596664429,0.6333333253860474,0.6751269102096558,0.9018649458885193,532.0,3944.0,308.0,256.0,0.3552946448326111,0.233998104929924,0.05469106137752533,0.8420221209526062,0.5260663628578186,0.5260663628578186,0.8027515411376953,111.0,955.0,100.0,100.0
0.2862017144759496,0.1901506632566452,0.04291505366563797,0.8906746506690979,0.6357142925262451,0.6854942440986633,0.9050746560096741,534.0,3955.0,306.0,245.0,0.35446181893348694,0.23258143663406372,0.05452337488532066,0.8420221209526062,0.5260663628578186,0.5260663628578186,0.8049616813659668,111.0,955.0,100.0,100.0
0.2779545582476116,0.1863824725151062,0.041735801845788956,0.8918650150299072,0.6416666507720947,0.6883780360221863,0.913669764995575,539.0,3956.0,301.0,244.0,0.35358360409736633,0.23087827861309052,0.05432815104722977,0.8420221209526062,0.5260663628578186,0.5260663628578186,0.8116416931152344,111.0,955.0,100.0,100.0
0.2777420840093068,0.18308189511299133,0.04134063422679901,0.8962302207946777,0.6607142686843872,0.6998739242553711,0.9104706645011902,555.0,3962.0,285.0,238.0,0.3527718186378479,0.22895179688930511,0.0541662871837616,0.8420221209526062,0.5260663628578186,0.5260663628578186,0.8047393560409546,111.0,955.0,100.0,100.0
0.2778586619666645,0.1826196163892746,0.041014160960912704,0.8936507701873779,0.6499999761581421,0.692893385887146,0.91599041223526,546.0,3958.0,294.0,242.0,0.35211101174354553,0.22707156836986542,0.05404086410999298,0.8420221209526062,0.5260663628578186,0.5260663628578186,0.8234698176383972,111.0,955.0,100.0,100.0
0.27319900478635517,0.1816125065088272,0.041036590933799744,0.8924603462219238,0.6309523582458496,0.6955380439758301,0.9167376756668091,530.0,3968.0,310.0,232.0,0.3515479266643524,0.22514183819293976,0.05393657460808754,0.8420221209526062,0.5260663628578186,0.5260663628578186,0.8085308074951172,111.0,955.0,100.0,100.0
0.27202221815075195,0.1781913787126541,0.040767814964056015,0.8908730745315552,0.6380952596664429,0.6854220032691956,0.9130459427833557,536.0,3954.0,304.0,246.0,0.35114341974258423,0.22362494468688965,0.05386842414736748,0.8420221209526062,0.5260663628578186,0.5260663628578186,0.8241324424743652,111.0,955.0,100.0,100.0
0.2756408386287235,0.1788552850484848,0.04152593016624451,0.8892857432365417,0.6345238089561462,0.6798469424247742,0.9132968187332153,533.0,3949.0,307.0,251.0,0.3507912755012512,0.22261838614940643,0.05380403622984886,0.8420221209526062,0.5260663628578186,0.5260663628578186,0.8058714270591736,111.0,955.0,100.0,100.0
0.2757145445971262,0.17870411276817322,0.04156734421849251,0.8930554986000061,0.6476190686225891,0.6912325024604797,0.9091331958770752,544.0,3957.0,296.0,243.0,0.3504531681537628,0.22166205942630768,0.05373121798038483,0.8420221209526062,0.5260663628578186,0.5260663628578186,0.811479926109314,111.0,955.0,100.0,100.0
0.26658170585121427,0.17436100542545319,0.03953865170478821,0.8952381014823914,0.6583333611488342,0.6964735388755798,0.918219804763794,553.0,3959.0,287.0,241.0,0.3501456379890442,0.2204505205154419,0.05366300046443939,0.8420221209526062,0.5260663628578186,0.5260663628578186,0.8360099792480469,111.0,955.0,100.0,100.0
0.27690332184235256,0.17586813867092133,0.04142823442816734,0.8896825909614563,0.6416666507720947,0.6788412928581238,0.9081816673278809,539.0,3945.0,301.0,255.0,0.3498134911060333,0.21898217499256134,0.053579431027173996,0.8420221209526062,0.5260663628578186,0.5260663628578186,0.8085061311721802,111.0,955.0,100.0,100.0
0.2618922226485752,0.17083974182605743,0.03888487070798874,0.8950397372245789,0.6464285850524902,0.7006451487541199,0.9213512539863586,543.0,3968.0,297.0,232.0,0.34945642948150635,0.21757306158542633,0.05347926542162895,0.8420221209526062,0.5260663628578186,0.5260663628578186,0.825992226600647,111.0,955.0,100.0,100.0
0.2728110411337444,0.17384454607963562,0.039906129240989685,0.8886904716491699,0.6202380657196045,0.6828309297561646,0.9186006784439087,521.0,3958.0,319.0,242.0,0.3492225110530853,0.21649008989334106,0.05342215672135353,0.8420221209526062,0.5260663628578186,0.5260663628578186,0.8209923505783081,111.0,955.0,100.0,100.0
0.26341821522939773,0.1704293191432953,0.03896404430270195,0.899404764175415,0.6476190686225891,0.7205297946929932,0.9197853207588196,544.0,3989.0,296.0,211.0,0.34906694293022156,0.21557490527629852,0.05341719835996628,0.8420221209526062,0.5260663628578186,0.5260663628578186,0.8079828023910522,111.0,955.0,100.0,100.0
0.26519944483325597,0.16988538205623627,0.03911967575550079,0.8962302207946777,0.6499999761581421,0.7045161128044128,0.9179565906524658,546.0,3971.0,294.0,229.0,0.34898778796195984,0.21448594331741333,0.05344896763563156,0.8420221209526062,0.5260663628578186,0.5260663628578186,0.8270771503448486,111.0,955.0,100.0,100.0
0.26357442899828865,0.17054428160190582,0.03963688760995865,0.8876983523368835,0.6333333253860474,0.6734177470207214,0.9179888963699341,532.0,3942.0,308.0,258.0,0.3489583432674408,0.21346788108348846,0.05348721146583557,0.8420221209526062,0.5260663628578186,0.5260663628578186,0.8165674209594727,111.0,955.0,100.0,100.0
0.2601584895026116,0.16640590131282806,0.038703978061676025,0.8960316777229309,0.6535714268684387,0.7020460367202759,0.9211961030960083,549.0,3967.0,291.0,233.0,0.34908077120780945,0.2122659534215927,0.05356163531541824,0.8420221209526062,0.5260663628578186,0.5260663628578186,0.8213270902633667,111.0,955.0,100.0,100.0
0.2590200315628733,0.16422609984874725,0.03829462453722954,0.8946428298950195,0.6416666507720947,0.7009102702140808,0.921693742275238,539.0,3970.0,301.0,230.0,0.34926047921180725,0.21105866134166718,0.05360279604792595,0.8420221209526062,0.5260663628578186,0.5260663628578186,0.8179038763046265,111.0,955.0,100.0,100.0
0.2640663352041017,0.1671859622001648,0.03953486308455467,0.8900793194770813,0.636904776096344,0.6823979616165161,0.9165422320365906,535.0,3951.0,305.0,249.0,0.3494531810283661,0.21011796593666077,0.053625233471393585,0.8420221209526062,0.5260663628578186,0.5260663628578186,0.8162665367126465,111.0,955.0,100.0,100.0
0.25452932438680104,0.16165675222873688,0.03788648173213005,0.9005952477455139,0.6714285612106323,0.7148289084434509,0.9260179996490479,564.0,3975.0,276.0,225.0,0.3494800627231598,0.20971137285232544,0.053645458072423935,0.8420221209526062,0.5260663628578186,0.5260663628578186,0.8315379619598389,111.0,955.0,100.0,100.0
0.25351428222798167,0.1613979935646057,0.0378279872238636,0.8964285850524902,0.6607142686843872,0.7007575631141663,0.9243164658546448,555.0,3963.0,285.0,237.0,0.34948402643203735,0.20954345166683197,0.0536775179207325,0.8420221209526062,0.5260663628578186,0.5260663628578186,0.8400012850761414,111.0,955.0,100.0,100.0
0.2538325751111621,0.16212353110313416,0.03770112618803978,0.8932540416717529,0.6345238089561462,0.6976439952850342,0.9230467677116394,533.0,3969.0,307.0,231.0,0.34950631856918335,0.2091951072216034,0.05370727926492691,0.8420221209526062,0.5260663628578186,0.5260663628578186,0.8183733224868774,111.0,955.0,100.0,100.0
0.255355240333648,0.16174863278865814,0.03789246082305908,0.8938491344451904,0.6333333253860474,0.7009222507476807,0.9229122996330261,532.0,3973.0,308.0,227.0,0.3494879901409149,0.20884469151496887,0.05373594909906387,0.8420221209526062,0.5260663628578186,0.5260663628578186,0.8252735137939453,111.0,955.0,100.0,100.0
0.2554182960163979,0.16273929178714752,0.03807266056537628,0.8916666507720947,0.6190476417541504,0.697050929069519,0.9234757423400879,520.0,3974.0,320.0,226.0,0.3494110107421875,0.20822200179100037,0.05374280363321304,0.8420221209526062,0.5260663628578186,0.5260663628578186,0.814716637134552,111.0,955.0,100.0,100.0
0.2500236179857027,0.15943112969398499,0.03753025084733963,0.8950397372245789,0.6523809432983398,0.6980891823768616,0.9252786636352539,548.0,3963.0,292.0,237.0,0.34950870275497437,0.2074042409658432,0.05378962680697441,0.8420221209526062,0.5260663628578186,0.5260663628578186,0.8302890658378601,111.0,955.0,100.0,100.0
0.24386154892189163,0.15682408213615417,0.03662015497684479,0.8974207043647766,0.6619047522544861,0.7046895027160645,0.929473876953125,556.0,3967.0,284.0,233.0,0.3497115969657898,0.2063712328672409,0.05381688103079796,0.8420221209526062,0.5260663628578186,0.5260663628578186,0.8208507895469666,111.0,955.0,100.0,100.0
0.2551063397100994,0.160476952791214,0.03862982243299484,0.8930554986000061,0.6535714268684387,0.6888331174850464,0.9254997968673706,549.0,3952.0,291.0,248.0,0.34977853298187256,0.20566585659980774,0.0538068488240242,0.8420221209526062,0.5260663628578186,0.5260663628578186,0.8455874919891357,111.0,955.0,100.0,100.0
0.24517367130943707,0.15437933802604675,0.03634099289774895,0.9005952477455139,0.6690475940704346,0.715923547744751,0.9271270632743835,562.0,3977.0,278.0,223.0,0.34973689913749695,0.20513731241226196,0.05374952405691147,0.8420221209526062,0.5260663628578186,0.5260663628578186,0.8093932867050171,111.0,955.0,100.0,100.0
0.25059012192345803,0.156078040599823,0.037128131836652756,0.8974205851554871,0.651190459728241,0.7094682455062866,0.9273317456245422,547.0,3976.0,293.0,224.0,0.34996238350868225,0.20463407039642334,0.05378873273730278,0.8420221209526062,0.5260663628578186,0.5260663628578186,0.8330226540565491,111.0,955.0,100.0,100.0
0.25275866552477794,0.1547566056251526,0.037498798221349716,0.8978174924850464,0.6595237851142883,0.7075351476669312,0.9265667796134949,554.0,3971.0,286.0,229.0,0.3502778112888336,0.20410336554050446,0.053866881877183914,0.8420221209526062,0.5260663628578186,0.5260663628578186,0.8089778423309326,111.0,955.0,100.0,100.0
0.24577675387263298,0.15336760878562927,0.036805007606744766,0.8960317969322205,0.6535714268684387,0.7020460367202759,0.9306578040122986,549.0,3967.0,291.0,233.0,0.3507320284843445,0.20353038609027863,0.05397897586226463,0.8420221209526062,0.5260663628578186,0.5260663628578186,0.8004514575004578,111.0,955.0,100.0,100.0
0.24892096171776454,0.15458165109157562,0.03718187287449837,0.8964285850524902,0.6476190686225891,0.7064934968948364,0.9265488386154175,544.0,3974.0,296.0,226.0,0.35107699036598206,0.20293612778186798,0.05404258146882057,0.8420221209526062,0.5260663628578186,0.5260663628578186,0.8296893835067749,111.0,955.0,100.0,100.0
0.2468474090808914,0.15350621938705444,0.036695998162031174,0.899404764175415,0.6666666865348816,0.7115628719329834,0.9273379445075989,560.0,3973.0,280.0,227.0,0.351131796836853,0.20256300270557404,0.054015547037124634,0.8420221209526062,0.5260663628578186,0.5260663628578186,0.8136183023452759,111.0,955.0,100.0,100.0
0.24844789955587615,0.15556026995182037,0.03733061999082565,0.8964285850524902,0.6547619104385376,0.7033247947692871,0.9246308207511902,550.0,3968.0,290.0,232.0,0.35112157464027405,0.20215152204036713,0.05395777150988579,0.8420221209526062,0.5260663628578186,0.5260663628578186,0.8107567429542542,111.0,955.0,100.0,100.0
0.24927491254749753,0.1581520438194275,0.03725351020693779,0.8934524059295654,0.6345238089561462,0.6985583305358887,0.9250184297561646,533.0,3970.0,307.0,230.0,0.3509176969528198,0.20178797841072083,0.05383399873971939,0.8420221209526062,0.5260663628578186,0.5260663628578186,0.8189191818237305,111.0,955.0,100.0,100.0
0.24514353470433325,0.15616251528263092,0.03668391332030296,0.8960318565368652,0.6416666507720947,0.7073490619659424,0.9288809895515442,539.0,3977.0,301.0,223.0,0.3509279489517212,0.20127283036708832,0.05377858504652977,0.8420221209526062,0.5260663628578186,0.5260663628578186,0.8284898996353149,111.0,955.0,100.0,100.0
0.24268888000931058,0.15397430956363678,0.036135297268629074,0.9007936716079712,0.675000011920929,0.7141057848930359,0.9308969378471375,567.0,3973.0,273.0,227.0,0.3509197235107422,0.2009049952030182,0.05374893173575401,0.8420221209526062,0.5260663628578186,0.5260663628578186,0.8284202814102173,111.0,955.0,100.0,100.0
0.24261394107625597,0.15445734560489655,0.036574359983205795,0.8986111879348755,0.651190459728241,0.715032696723938,0.929553747177124,547.0,3982.0,293.0,218.0,0.35076940059661865,0.20073524117469788,0.053711190819740295,0.8420221209526062,0.5260663628578186,0.5260663628578186,0.8251588940620422,111.0,955.0,100.0,100.0
0.24376072521720613,0.15404312312602997,0.03660639747977257,0.8972221612930298,0.6428571343421936,0.7124010324478149,0.9291983842849731,540.0,3982.0,300.0,218.0,0.3505253493785858,0.2007489800453186,0.05365960672497749,0.8420221209526062,0.5260663628578186,0.5260663628578186,0.8107230067253113,111.0,955.0,100.0,100.0
0.2406906335126786,0.15302163362503052,0.036541469395160675,0.8980159163475037,0.6607142686843872,0.7079081535339355,0.932403564453125,555.0,3971.0,285.0,229.0,0.350435346364975,0.20065689086914062,0.053640514612197876,0.8420221209526062,0.5260663628578186,0.5260663628578186,0.8154332041740417,111.0,955.0,100.0,100.0
0.23483072888283502,0.14963354170322418,0.0348345972597599,0.9021825790405273,0.6583333611488342,0.7285902500152588,0.936126172542572,553.0,3994.0,287.0,206.0,0.3505721390247345,0.20040783286094666,0.05369538813829422,0.8420221209526062,0.5260663628578186,0.5260663628578186,0.8200018405914307,111.0,955.0,100.0,100.0
0.24331294745206833,0.15246571600437164,0.036560580134391785,0.8986110687255859,0.6559523940086365,0.7128072381019592,0.9289678335189819,551.0,3978.0,289.0,222.0,0.3508015275001526,0.1999567747116089,0.0537775419652462,0.8420221209526062,0.5260663628578186,0.5260663628578186,0.8317333459854126,111.0,955.0,100.0,100.0
0.23626148562346186,0.14977887272834778,0.035562995821237564,0.8999999761581421,0.6666666865348816,0.7142857313156128,0.9358794689178467,560.0,3976.0,280.0,224.0,0.35076582431793213,0.19974195957183838,0.053822170943021774,0.8420221209526062,0.5260663628578186,0.5260663628578186,0.8348307609558105,111.0,955.0,100.0,100.0
0.23345663898757527,0.14618821442127228,0.034743089228868484,0.9041666388511658,0.6738095283508301,0.7303225994110107,0.9357470273971558,566.0,3991.0,274.0,209.0,0.35074931383132935,0.19958429038524628,0.053861409425735474,0.8420221209526062,0.5260663628578186,0.5260663628578186,0.8166505098342896,111.0,955.0,100.0,100.0
0.2433207702423845,0.14958924055099487,0.036151960492134094,0.8982142806053162,0.6619047522544861,0.7082802653312683,0.9309200048446655,556.0,3971.0,284.0,229.0,0.35055774450302124,0.19966398179531097,0.053874656558036804,0.8420221209526062,0.5260663628578186,0.5260663628578186,0.8158756494522095,111.0,955.0,100.0,100.0
0.2414713129401207,0.14711150527000427,0.0359015092253685,0.9001983404159546,0.6571428775787354,0.7196871042251587,0.933323085308075,552.0,3985.0,288.0,215.0,0.3503694236278534,0.19970226287841797,0.053899072110652924,0.8420221209526062,0.5260663628578186,0.5260663628578186,0.8197344541549683,111.0,955.0,100.0,100.0
0.2456800731519858,0.14908938109874725,0.036641452461481094,0.899404764175415,0.663095235824585,0.7131882309913635,0.9292544722557068,557.0,3976.0,283.0,224.0,0.3500548303127289,0.19995158910751343,0.05391661450266838,0.8420221209526062,0.5260663628578186,0.5260663628578186,0.8151771426200867,111.0,955.0,100.0,100.0
0.2465864949992725,0.1505182832479477,0.0366741418838501,0.8976190686225891,0.6595237851142883,0.706632673740387,0.9272163510322571,554.0,3970.0,286.0,230.0,0.3497392237186432,0.20014001429080963,0.053892649710178375,0.8420221209526062,0.5260663628578186,0.5260663628578186,0.8136609196662903,111.0,955.0,100.0,100.0
0.23558464043197178,0.14916512370109558,0.03575150668621063,0.8990079760551453,0.6583333611488342,0.7135483622550964,0.936832070350647,553.0,3978.0,287.0,222.0,0.34958651661872864,0.20008908212184906,0.053860679268836975,0.8420221209526062,0.5260663628578186,0.5260663628578186,0.8187327980995178,111.0,955.0,100.0,100.0
0.22736072213876815,0.1457500159740448,0.033888574689626694,0.903769850730896,0.6797618865966797,0.725540041923523,0.9399930834770203,571.0,3984.0,269.0,216.0,0.34962067008018494,0.1997738927602768,0.05384356528520584,0.8420221209526062,0.5260663628578186,0.5260663628578186,0.8229015469551086,111.0,955.0,100.0,100.0
0.2491648908881914,0.15342877805233002,0.03738322854042053,0.8948413133621216,0.6523809432983398,0.6972010135650635,0.9282089471817017,548.0,3962.0,292.0,238.0,0.3496730923652649,0.19935546815395355,0.05381819233298302,0.8420221209526062,0.5260663628578186,0.5260663628578186,0.8181981444358826,111.0,955.0,100.0,100.0
0.2342306903075604,0.1483047902584076,0.03529845178127289,0.8999999761581421,0.6690475940704346,0.7131979465484619,0.9383967518806458,562.0,3974.0,278.0,226.0,0.34998342394828796,0.19874590635299683,0.05385695770382881,0.8420221209526062,0.5260663628578186,0.5260663628578186,0.8265402317047119,111.0,955.0,100.0,100.0
0.229305953035752,0.14414717257022858,0.0339510403573513,0.908730149269104,0.6833333373069763,0.7473958134651184,0.937859296798706,574.0,4006.0,266.0,194.0,0.35062870383262634,0.1980234682559967,0.054000068455934525,0.8420221209526062,0.5260663628578186,0.5260663628578186,0.833909809589386,111.0,955.0,100.0,100.0
0.22788634186699278,0.1422063410282135,0.03388703614473343,0.906150758266449,0.6797618865966797,0.736774206161499,0.9407483339309692,571.0,3996.0,269.0,204.0,0.3509713113307953,0.1977558434009552,0.05413234233856201,0.8420221209526062,0.5260663628578186,0.5260663628578186,0.8304463028907776,111.0,955.0,100.0,100.0
0.23414887463053066,0.1444317102432251,0.034435104578733444,0.9049603343009949,0.6678571701049805,0.737187922000885,0.9352505207061768,561.0,4000.0,279.0,200.0,0.35099759697914124,0.1977968066930771,0.054203178733587265,0.8420221209526062,0.5260663628578186,0.5260663628578186,0.827458918094635,111.0,955.0,100.0,100.0
0.2410903916117691,0.14583028852939606,0.03560255095362663,0.8998016119003296,0.6583333611488342,0.7172503471374512,0.9311296939849854,553.0,3982.0,287.0,218.0,0.3508320748806,0.19801536202430725,0.05422770604491234,0.8420221209526062,0.5260663628578186,0.5260663628578186,0.8200421929359436,111.0,955.0,100.0,100.0
0.23546986533772377,0.14406992495059967,0.034686002880334854,0.9023809432983398,0.6678571701049805,0.7248061895370483,0.9355559945106506,561.0,3987.0,279.0,213.0,0.3506593406200409,0.19821129739284515,0.05427813529968262,0.8420221209526062,0.5260663628578186,0.5260663628578186,0.8229756951332092,111.0,955.0,100.0,100.0
0.23731186847601618,0.14713087677955627,0.035856518894433975,0.8978174328804016,0.6583333611488342,0.7080665826797485,0.9349527359008789,553.0,3972.0,287.0,228.0,0.3504473567008972,0.19850081205368042,0.054339274764060974,0.8420221209526062,0.5260663628578186,0.5260663628578186,0.8262460231781006,111.0,955.0,100.0,100.0
0.24262682635869298,0.1466100960969925,0.036518409848213196,0.8990079164505005,0.6714285612106323,0.7076537013053894,0.9295265078544617,564.0,3967.0,276.0,233.0,0.35068193078041077,0.19824600219726562,0.05443323031067848,0.8420221209526062,0.5260663628578186,0.5260663628578186,0.8217335939407349,111.0,955.0,100.0,100.0
0.2317423308179492,0.14312289655208588,0.03487977012991905,0.901190459728241,0.6845238208770752,0.7116336822509766,0.9375243782997131,575.0,3967.0,265.0,233.0,0.350859135389328,0.19793954491615295,0.05447940528392792,0.8420221209526062,0.5260663628578186,0.5260663628578186,0.8201141357421875,111.0,955.0,100.0,100.0
0.23063766544773465,0.1420660763978958,0.034385066479444504,0.9009920358657837,0.6642857193946838,0.7200000286102295,0.9385813474655151,558.0,3983.0,282.0,217.0,0.3508114814758301,0.197806715965271,0.05444623902440071,0.8420221209526062,0.5260663628578186,0.5260663628578186,0.8232587575912476,111.0,955.0,100.0,100.0
0.23989898374392873,0.14679791033267975,0.03623040020465851,0.8952381014823914,0.6416666507720947,0.7036553621292114,0.932231605052948,539.0,3973.0,301.0,227.0,0.3501724302768707,0.19810333847999573,0.05431405454874039,0.8420221209526062,0.5260663628578186,0.5260663628578186,0.8200332522392273,111.0,955.0,100.0,100.0
0.2314136960676738,0.1436881721019745,0.03446679189801216,0.9051587581634521,0.6738095283508301,0.7350649237632751,0.9363396167755127,566.0,3996.0,274.0,204.0,0.3493826985359192,0.19830740988254547,0.05412868410348892,0.8420221209526062,0.5260663628578186,0.5260663628578186,0.821946918964386,111.0,955.0,100.0,100.0
0.2278819138450282,0.14296558499336243,0.03359614312648773,0.9061508178710938,0.6654762029647827,0.7443408966064453,0.9389356970787048,559.0,4008.0,281.0,192.0,0.3490506112575531,0.1982210874557495,0.054040782153606415,0.8420221209526062,0.5260663628578186,0.5260663628578186,0.8225871324539185,111.0,955.0,100.0,100.0
0.23193847370289622,0.14456389844417572,0.03453003242611885,0.9065476059913635,0.6761904954910278,0.7405475974082947,0.9367252588272095,568.0,4001.0,272.0,199.0,0.3491533100605011,0.19795890152454376,0.05408632010221481,0.8420221209526062,0.5260663628578186,0.5260663628578186,0.8252600431442261,111.0,955.0,100.0,100.0
0.2252307170203754,0.14305469393730164,0.03393328934907913,0.9069445133209229,0.6797618865966797,0.7405966520309448,0.9417577385902405,571.0,4000.0,269.0,200.0,0.3494683504104614,0.19761480391025543,0.05418112874031067,0.8420221209526062,0.5260663628578186,0.5260663628578186,0.8290627598762512,111.0,955.0,100.0,100.0
0.22180569743116696,0.13995115458965302,0.03321328014135361,0.9021825194358826,0.6666666865348816,0.7244501709938049,0.9444460272789001,560.0,3987.0,280.0,213.0,0.35008856654167175,0.19732894003391266,0.0543450303375721,0.8420221209526062,0.5260663628578186,0.5260663628578186,0.8258170485496521,111.0,955.0,100.0,100.0
0.22466505109554247,0.14142365753650665,0.03372497484087944,0.9033730626106262,0.6857143044471741,0.7209011316299438,0.942904531955719,576.0,3977.0,264.0,223.0,0.35104992985725403,0.19691291451454163,0.054572757333517075,0.8420221209526062,0.5260663628578186,0.5260663628578186,0.8270165324211121,111.0,955.0,100.0,100.0
0.24420577592792966,0.1453840285539627,0.036798667162656784,0.8966270089149475,0.6678571701049805,0.698630154132843,0.930149257183075,561.0,3958.0,279.0,242.0,0.3514258563518524,0.19689764082431793,0.054661598056554794,0.8420221209526062,0.5260663628578186,0.5260663628578186,0.825459897518158,111.0,955.0,100.0,100.0
0.22568515823000954,0.13994841277599335,0.0340205579996109,0.9017857313156128,0.6726190447807312,0.7197452187538147,0.9425984621047974,565.0,3980.0,275.0,220.0,0.35147687792778015,0.19684092700481415,0.05467694252729416,0.8420221209526062,0.5260663628578186,0.5260663628578186,0.8248556852340698,111.0,955.0,100.0,100.0
0.23318895750812121,0.14545130729675293,0.035539526492357254,0.8970237970352173,0.6547619104385376,0.7060333490371704,0.9351208806037903,550.0,3971.0,290.0,229.0,0.3512529134750366,0.19669359922409058,0.05460643395781517,0.8420221209526062,0.5260663628578186,0.5260663628578186,0.8267760872840881,111.0,955.0,100.0,100.0
0.2271366794194494,0.14258170127868652,0.034239742904901505,0.9035714268684387,0.6714285612106323,0.7286821603775024,0.9383420348167419,564.0,3990.0,276.0,210.0,0.3510380685329437,0.19632533192634583,0.054537851363420486,0.8420221209526062,0.5260663628578186,0.5260663628578186,0.8298241496086121,111.0,955.0,100.0,100.0
0.23218072127728234,0.14366784691810608,0.0348682664334774,0.9001983404159546,0.6535714268684387,0.7214191555976868,0.9374024868011475,549.0,3988.0,291.0,212.0,0.35105404257774353,0.19580602645874023,0.05451932176947594,0.8420221209526062,0.5260663628578186,0.5260663628578186,0.8405381441116333,111.0,955.0,100.0,100.0
0.22235082991066432,0.13948853313922882,0.033483218401670456,0.9055554866790771,0.6845238208770752,0.7315521836280823,0.9440200328826904,575.0,3989.0,265.0,211.0,0.3509940207004547,0.1954914629459381,0.0545005239546299,0.8420221209526062,0.5260663628578186,0.5260663628578186,0.8370791673660278,111.0,955.0,100.0,100.0
0.2205824247428349,0.13840557634830475,0.032959289848804474,0.9063491821289062,0.6964285969734192,0.7294264435768127,0.9437834620475769,585.0,3983.0,255.0,217.0,0.35136017203330994,0.19517625868320465,0.054560258984565735,0.8420221209526062,0.5260663628578186,0.5260663628578186,0.8316951990127563,111.0,955.0,100.0,100.0
0.221898288918393,0.13758260011672974,0.0333133228123188,0.9059523940086365,0.686904788017273,0.7322335243225098,0.9433073401451111,577.0,3989.0,263.0,211.0,0.3517245352268219,0.19509226083755493,0.05464597046375275,0.8420221209526062,0.5260663628578186,0.5260663628578186,0.8292648792266846,111.0,955.0,100.0,100.0
0.2337455965578556,0.14048519730567932,0.03495970368385315,0.9041666388511658,0.6833333373069763,0.7256637215614319,0.9365276098251343,574.0,3983.0,266.0,217.0,0.3522936999797821,0.19496916234493256,0.05476998910307884,0.8420221209526062,0.5260663628578186,0.5260663628578186,0.8255924582481384,111.0,955.0,100.0,100.0
0.22262781684597333,0.136726513504982,0.03300254046916962,0.9125000238418579,0.7095237970352173,0.75157630443573,0.9400610327720642,596.0,4003.0,244.0,197.0,0.3531607687473297,0.19468030333518982,0.054948750883340836,0.8420221209526062,0.5260663628578186,0.5260663628578186,0.8246715068817139,111.0,955.0,100.0,100.0
0.22872607551869892,0.139828160405159,0.03463403508067131,0.9027778506278992,0.6619047522544861,0.7296587824821472,0.9398602843284607,556.0,3994.0,284.0,206.0,0.35384199023246765,0.19464519619941711,0.05510612577199936,0.8420221209526062,0.5260663628578186,0.5260663628578186,0.8220570087432861,111.0,955.0,100.0,100.0
0.21833519428258852,0.13781262934207916,0.03301231190562248,0.906349241733551,0.6726190447807312,0.7414698004722595,0.9444569945335388,565.0,4003.0,275.0,197.0,0.35440996289253235,0.19455167651176453,0.05522195249795914,0.8420221209526062,0.5260663628578186,0.5260663628578186,0.8212170004844666,111.0,955.0,100.0,100.0
0.2312702229689984,0.14222244918346405,0.03503820672631264,0.8998016119003296,0.6607142686843872,0.7161290049552917,0.9364444017410278,555.0,3980.0,285.0,220.0,0.35442087054252625,0.19448383152484894,0.05521591752767563,0.8420221209526062,0.5260663628578186,0.5260663628578186,0.8207048177719116,111.0,955.0,100.0,100.0
0.222749239277272,0.13711155951023102,0.03270421549677849,0.9083333611488342,0.686904788017273,0.7435566782951355,0.9446620345115662,577.0,4001.0,263.0,199.0,0.35443466901779175,0.19410516321659088,0.05519408732652664,0.8420221209526062,0.5260663628578186,0.5260663628578186,0.822052538394928,111.0,955.0,100.0,100.0
0.2213150009158112,0.13611726462841034,0.033001627773046494,0.9077380895614624,0.6892856955528259,0.7394636273384094,0.9417718648910522,579.0,3996.0,261.0,204.0,0.3538167476654053,0.19412365555763245,0.05508268252015114,0.8420221209526062,0.5260663628578186,0.5260663628578186,0.8233148455619812,111.0,955.0,100.0,100.0
0.22095599568315916,0.13697844743728638,0.033505942672491074,0.9059523940086365,0.6940476298332214,0.7287499904632568,0.9429188370704651,583.0,3983.0,257.0,217.0,0.3529457747936249,0.19439959526062012,0.054928719997406006,0.8420221209526062,0.5260663628578186,0.5260663628578186,0.8258349895477295,111.0,955.0,100.0,100.0
0.22503175724829946,0.13940031826496124,0.034133873879909515,0.903769850730896,0.6809523701667786,0.7249683141708374,0.9402523040771484,572.0,3983.0,268.0,217.0,0.35206615924835205,0.19472138583660126,0.05477093905210495,0.8420221209526062,0.5260663628578186,0.5260663628578186,0.8253700137138367,111.0,955.0,100.0,100.0
0.22200534106010483,0.13783621788024902,0.03363752365112305,0.9067460298538208,0.6892856955528259,0.7347715497016907,0.9419201016426086,579.0,3991.0,261.0,209.0,0.3510233163833618,0.19516441226005554,0.05461280047893524,0.8420221209526062,0.5260663628578186,0.5260663628578186,0.8262572884559631,111.0,955.0,100.0,100.0
0.228072744146699,0.13908785581588745,0.03411601111292839,0.9051586985588074,0.6928571462631226,0.7256857752799988,0.939812958240509,582.0,3980.0,258.0,220.0,0.35082969069480896,0.19519299268722534,0.05457819625735283,0.8420221209526062,0.5260663628578186,0.5260663628578186,0.829399585723877,111.0,955.0,100.0,100.0
0.2306462223685923,0.1414303332567215,0.034954749047756195,0.8990079760551453,0.6619047522544861,0.7119078040122986,0.938553512096405,556.0,3975.0,284.0,225.0,0.3510996997356415,0.19481097161769867,0.05460505187511444,0.8420221209526062,0.5260663628578186,0.5260663628578186,0.8281799554824829,111.0,955.0,100.0,100.0
0.21910592913627625,0.13693079352378845,0.03276997432112694,0.913690447807312,0.7095237970352173,0.7573062181472778,0.9436753988265991,596.0,4009.0,244.0,191.0,0.3518771827220917,0.19418081641197205,0.05471725016832352,0.8420221209526062,0.5260663628578186,0.5260663628578186,0.8271130323410034,111.0,955.0,100.0,100.0
0.22120245489336196,0.1381668746471405,0.033465031534433365,0.9063491821289062,0.6714285612106323,0.74210524559021,0.9422690868377686,564.0,4004.0,276.0,196.0,0.3527797758579254,0.19344280660152435,0.0548594705760479,0.8420221209526062,0.5260663628578186,0.5260663628578186,0.8329282999038696,111.0,955.0,100.0,100.0
0.21769468301818484,0.13638298213481903,0.03270556032657623,0.9071428775787354,0.6857143044471741,0.7384615540504456,0.9442830085754395,576.0,3996.0,264.0,204.0,0.35366249084472656,0.19273307919502258,0.05502365529537201,0.8420221209526062,0.5260663628578186,0.5260663628578186,0.8311605453491211,111.0,955.0,100.0,100.0
0.22300704387681825,0.13916261494159698,0.034218210726976395,0.9023809432983398,0.6738095283508301,0.7219387888908386,0.9415009617805481,566.0,3982.0,274.0,218.0,0.35443010926246643,0.19210155308246613,0.055168915539979935,0.8420221209526062,0.5260663628578186,0.5260663628578186,0.8322139978408813,111.0,955.0,100.0,100.0
0.22194599807262422,0.13573506474494934,0.033236660063266754,0.9019840955734253,0.6607142686843872,0.7264397740364075,0.9434075355529785,555.0,3991.0,285.0,209.0,0.3546629250049591,0.19193129241466522,0.05521935597062111,0.8420221209526062,0.5260663628578186,0.5260663628578186,0.8306012749671936,111.0,955.0,100.0,100.0
0.21816968587892396,0.13619530200958252,0.032987069338560104,0.9085317254066467,0.6726190447807312,0.7523302435874939,0.9435813426971436,565.0,4014.0,275.0,186.0,0.3544121980667114,0.19198571145534515,0.05516684055328369,0.8420221209526062,0.5260663628578186,0.5260663628578186,0.8298668265342712,111.0,955.0,100.0,100.0
0.2186240907935869,0.13695038855075836,0.033221591264009476,0.9043651223182678,0.675000011920929,0.7306700944900513,0.9458239078521729,567.0,3991.0,273.0,209.0,0.353860080242157,0.19211652874946594,0.055059537291526794,0.8420221209526062,0.5260663628578186,0.5260663628578186,0.8305069208145142,111.0,955.0,100.0,100.0
0.23118746440325463,0.14071577787399292,0.035637177526950836,0.8958333134651184,0.6571428775787354,0.6996197700500488,0.9370794892311096,552.0,3963.0,288.0,237.0,0.35312482714653015,0.19234895706176758,0.05493701994419098,0.8420221209526062,0.5260663628578186,0.5260663628578186,0.8308573365211487,111.0,955.0,100.0,100.0
0.21324491263145492,0.1349746137857437,0.0322868712246418,0.9053571224212646,0.6714285612106323,0.7372549176216125,0.9470822811126709,564.0,3999.0,276.0,201.0,0.35272493958473206,0.1924007087945938,0.05487344413995743,0.8420221209526062,0.5260663628578186,0.5260663628578186,0.8315986394882202,111.0,955.0,100.0,100.0
0.22417859775679452,0.13649840652942657,0.033808887004852295,0.9013888835906982,0.663095235824585,0.722438395023346,0.9409041404724121,557.0,3986.0,283.0,214.0,0.35240498185157776,0.19244800508022308,0.05486085265874863,0.8420221209526062,0.5260663628578186,0.5260663628578186,0.8326564431190491,111.0,955.0,100.0,100.0
0.22497627738685835,0.1370440125465393,0.03352382406592369,0.9033730626106262,0.6797618865966797,0.7237008810043335,0.9411219358444214,571.0,3982.0,269.0,218.0,0.35229751467704773,0.1924508810043335,0.0548785999417305,0.8420221209526062,0.5260663628578186,0.5260663628578186,0.8339121341705322,111.0,955.0,100.0,100.0
0.21145859758059185,0.13407157361507416,0.03217983990907669,0.906150758266449,0.6833333373069763,0.7349551916122437,0.948007345199585,574.0,3993.0,266.0,207.0,0.3525974452495575,0.19214823842048645,0.05493435636162758,0.8420221209526062,0.5260663628578186,0.5260663628578186,0.8333258628845215,111.0,955.0,100.0,100.0
0.21159304635865347,0.1324947029352188,0.03181222453713417,0.9077380895614624,0.688095211982727,0.7400768399238586,0.9481236338615417,578.0,3997.0,262.0,203.0,0.3528746962547302,0.19182728230953217,0.05500312149524689,0.8420221209526062,0.5260663628578186,0.5260663628578186,0.8342939615249634,111.0,955.0,100.0,100.0
0.2229431939976556,0.13708141446113586,0.03391940891742706,0.9035714268684387,0.699999988079071,0.7153284549713135,0.9432113170623779,588.0,3966.0,252.0,234.0,0.35320234298706055,0.19140449166297913,0.055072326213121414,0.8420221209526062,0.5260663628578186,0.5260663628578186,0.8366658687591553,111.0,955.0,100.0,100.0
0.21414217576384545,0.13353325426578522,0.03259142488241196,0.9083333611488342,0.6952381134033203,0.7392405271530151,0.9462270140647888,584.0,3994.0,256.0,206.0,0.3529341518878937,0.19112864136695862,0.05502460524439812,0.8420221209526062,0.5260663628578186,0.5260663628578186,0.8402754068374634,111.0,955.0,100.0,100.0
0.21169246662230717,0.1314121037721634,0.03209884464740753,0.9126983880996704,0.699999988079071,0.7577319741249084,0.9468656778335571,588.0,4012.0,252.0,188.0,0.35280925035476685,0.19093938171863556,0.05498979985713959,0.8420221209526062,0.5260663628578186,0.5260663628578186,0.8404707908630371,111.0,955.0,100.0,100.0
0.22327304070904141,0.13567154109477997,0.033654119819402695,0.9039682745933533,0.6666666865348816,0.7329843044281006,0.9421599507331848,560.0,3996.0,280.0,204.0,0.35284191370010376,0.1909763067960739,0.054978374391794205,0.8420221209526062,0.5260663628578186,0.5260663628578186,0.8392106890678406,111.0,955.0,100.0,100.0
0.2143737499203001,0.13288068771362305,0.03251909464597702,0.9065476655960083,0.6738095283508301,0.7418086528778076,0.9470300078392029,566.0,4003.0,274.0,197.0,0.3528769314289093,0.19107277691364288,0.05500994995236397,0.8420221209526062,0.5260663628578186,0.5260663628578186,0.8402798771858215,111.0,955.0,100.0,100.0
0.21639761463517235,0.1353987604379654,0.03290389105677605,0.9033730030059814,0.6654762029647827,0.7307189702987671,0.9466241002082825,559.0,3994.0,281.0,206.0,0.3527010381221771,0.19117411971092224,0.05501896142959595,0.8420221209526062,0.5260663628578186,0.5260663628578186,0.839981198310852,111.0,955.0,100.0,100.0
0.22819828912615775,0.1387881487607956,0.03474009782075882,0.8982142806053162,0.6571428775787354,0.7104247212409973,0.9399304389953613,552.0,3975.0,288.0,225.0,0.352154940366745,0.19144445657730103,0.054983582347631454,0.8420221209526062,0.5260663628578186,0.5260663628578186,0.8392511606216431,111.0,955.0,100.0,100.0
0.22052963273156256,0.13716526329517365,0.03346569836139679,0.9043650031089783,0.6714285612106323,0.732467532157898,0.9435104727745056,564.0,3994.0,276.0,206.0,0.3513845205307007,0.19175772368907928,0.05491095781326294,0.8420221209526062,0.5260663628578186,0.5260663628578186,0.8401699066162109,111.0,955.0,100.0,100.0
0.2192522142614637,0.13608883321285248,0.033304277807474136,0.9025793075561523,0.6726190447807312,0.7234315276145935,0.9431601762771606,565.0,3984.0,275.0,216.0,0.35076484084129333,0.1919741928577423,0.05487664416432381,0.8420221209526062,0.5260663628578186,0.5260663628578186,0.8416904211044312,111.0,955.0,100.0,100.0
0.21879784120690254,0.13672004640102386,0.03312624245882034,0.9033730030059814,0.6619047522544861,0.7325428128242493,0.9437127709388733,556.0,3997.0,284.0,203.0,0.35027894377708435,0.19183459877967834,0.0548824705183506,0.8420221209526062,0.5260663628578186,0.5260663628578186,0.8470990657806396,111.0,955.0,100.0,100.0
0.2178833313641094,0.13632437586784363,0.0333273783326149,0.9049602746963501,0.686904788017273,0.7276166677474976,0.9445328116416931,577.0,3984.0,263.0,216.0,0.3500777781009674,0.19165728986263275,0.05493079125881195,0.8420221209526062,0.5260663628578186,0.5260663628578186,0.8508771657943726,111.0,955.0,100.0,100.0
0.21959900728293827,0.134426087141037,0.03267097473144531,0.9065476059913635,0.688095211982727,0.7344345450401306,0.9435853958129883,578.0,3991.0,262.0,209.0,0.34986335039138794,0.1917404681444168,0.054953038692474365,0.8420221209526062,0.5260663628578186,0.5260663628578186,0.8539004325866699,111.0,955.0,100.0,100.0
0.21250078891004834,0.1342264860868454,0.03182230144739151,0.9081349968910217,0.686904788017273,0.7425997257232666,0.9479411840438843,577.0,4000.0,263.0,200.0,0.35019442439079285,0.19174763560295105,0.05503813177347183,0.8420221209526062,0.5260663628578186,0.5260663628578186,0.8540688753128052,111.0,955.0,100.0,100.0
0.20886475397717386,0.13213936984539032,0.03142724931240082,0.9119047522544861,0.7047619223594666,0.7512690424919128,0.9498994946479797,592.0,4004.0,248.0,196.0,0.35090774297714233,0.19142472743988037,0.055186253041028976,0.8420221209526062,0.5260663628578186,0.5260663628578186,0.8531143069267273,111.0,955.0,100.0,100.0
0.21376021710180101,0.13420534133911133,0.032498423010110855,0.9069445133209229,0.6916666626930237,0.7345132827758789,0.9478566646575928,581.0,3990.0,259.0,210.0,0.3519744277000427,0.19102630019187927,0.05538155883550644,0.8420221209526062,0.5260663628578186,0.5260663628578186,0.8485816121101379,111.0,955.0,100.0,100.0
0.22108685558750515,0.13570041954517365,0.03360425680875778,0.9033730030059814,0.6761904954910278,0.725415050983429,0.9416184425354004,568.0,3985.0,272.0,215.0,0.3528469204902649,0.19067203998565674,0.055533602833747864,0.8420221209526062,0.5260663628578186,0.5260663628578186,0.8479953408241272,111.0,955.0,100.0,100.0
0.21818313793767066,0.13395878672599792,0.03291263431310654,0.9049603343009949,0.6785714030265808,0.7317073345184326,0.9439117908477783,570.0,3991.0,270.0,209.0,0.35348865389823914,0.19025827944278717,0.05562853813171387,0.8420221209526062,0.5260663628578186,0.5260663628578186,0.8497899174690247,111.0,955.0,100.0,100.0
0.21151022024097896,0.13288211822509766,0.03228410705924034,0.9033730626106262,0.6702380776405334,0.7283311486244202,0.9478795528411865,563.0,3990.0,277.0,210.0,0.35325270891189575,0.19013407826423645,0.05560295656323433,0.8420221209526062,0.5260663628578186,0.5260663628578186,0.8521642088890076,111.0,955.0,100.0,100.0
0.21163434666537104,0.1324344277381897,0.03230036050081253,0.9071428775787354,0.6904761791229248,0.7360405921936035,0.9483317136764526,580.0,3992.0,260.0,208.0,0.35252368450164795,0.19009792804718018,0.05552265793085098,0.8420221209526062,0.5260663628578186,0.5260663628578186,0.8558028340339661,111.0,955.0,100.0,100.0
0.21923304444977215,0.13437874615192413,0.03349853307008743,0.9059523940086365,0.6761904954910278,0.7376623153686523,0.943547785282135,568.0,3998.0,272.0,202.0,0.3517313301563263,0.19019778072834015,0.055445123463869095,0.8420221209526062,0.5260663628578186,0.5260663628578186,0.8560094833374023,111.0,955.0,100.0,100.0
0.20893878053341594,0.13093449175357819,0.03165227174758911,0.9081349968910217,0.6940476298332214,0.7389100193977356,0.9492438435554504,583.0,3994.0,257.0,206.0,0.35106608271598816,0.19016386568546295,0.055373936891555786,0.8420221209526062,0.5260663628578186,0.5260663628578186,0.8585970401763916,111.0,955.0,100.0,100.0
0.21853068793813388,0.13164377212524414,0.03251755237579346,0.9065476059913635,0.675000011920929,0.7411764860153198,0.9435276985168457,567.0,4002.0,273.0,198.0,0.3508724272251129,0.1901874840259552,0.0553424246609211,0.8420221209526062,0.5260663628578186,0.5260663628578186,0.8578558564186096,111.0,955.0,100.0,100.0
0.21835432826053527,0.13351765275001526,0.03343316540122032,0.9049603343009949,0.6702380776405334,0.7359477281570435,0.9437959790229797,563.0,3998.0,277.0,202.0,0.35086336731910706,0.19054140150547028,0.055324602872133255,0.8420221209526062,0.5260663628578186,0.5260663628578186,0.8554300665855408,111.0,955.0,100.0,100.0
0.21789803682338624,0.13544359803199768,0.03330323472619057,0.905754029750824,0.6797618865966797,0.7348777055740356,0.9439834952354431,571.0,3994.0,269.0,206.0,0.35090842843055725,0.19068363308906555,0.05531273037195206,0.8420221209526062,0.5260663628578186,0.5260663628578186,0.8529120683670044,111.0,955.0,100.0,100.0
0.21030320936725252,0.13245223462581635,0.03191663697361946,0.9091269969940186,0.6773809790611267,0.7526454925537109,0.9482447504997253,569.0,4013.0,271.0,187.0,0.35124680399894714,0.1901172399520874,0.055364761501550674,0.8420221209526062,0.5260663628578186,0.5260663628578186,0.853895902633667,111.0,955.0,100.0,100.0
0.20996257315079372,0.13033482432365417,0.031816765666007996,0.9081349968910217,0.6857143044471741,0.7432258129119873,0.9490741491317749,576.0,4001.0,264.0,199.0,0.35162755846977234,0.18953877687454224,0.05543339252471924,0.8420221209526062,0.5260663628578186,0.5260663628578186,0.8528559803962708,111.0,955.0,100.0,100.0
0.20430580725272496,0.12692856788635254,0.030799979344010353,0.9142857193946838,0.7059524059295654,0.7622107863426208,0.9506173133850098,593.0,4015.0,247.0,185.0,0.35195598006248474,0.18896500766277313,0.05549167841672897,0.8420221209526062,0.5260663628578186,0.5260663628578186,0.8544754385948181,111.0,955.0,100.0,100.0
0.21169201859406062,0.12850145995616913,0.03167278692126274,0.9121031761169434,0.7035714387893677,0.752866268157959,0.9455066919326782,591.0,4006.0,249.0,194.0,0.3517198860645294,0.18854118883609772,0.055489201098680496,0.8420221209526062,0.5260663628578186,0.5260663628578186,0.8565284013748169,111.0,955.0,100.0,100.0
0.20926013791135378,0.12690690159797668,0.03150822967290878,0.9111111164093018,0.6964285969734192,0.7519280314445496,0.9488327503204346,585.0,4007.0,255.0,193.0,0.3517114818096161,0.18840990960597992,0.05550064146518707,0.8420221209526062,0.5260663628578186,0.5260663628578186,0.8574200868606567,111.0,955.0,100.0,100.0
0.2160936257668904,0.13078612089157104,0.032870445400476456,0.9047619104385376,0.6857143044471741,0.7272727489471436,0.9449050426483154,576.0,3984.0,264.0,216.0,0.35230308771133423,0.18839392066001892,0.055597469210624695,0.8420221209526062,0.5260663628578186,0.5260663628578186,0.8556411266326904,111.0,955.0,100.0,100.0
0.21404680322323527,0.1303827315568924,0.03234049305319786,0.9073413610458374,0.6773809790611267,0.743790864944458,0.9458070993423462,569.0,4004.0,271.0,196.0,0.35275307297706604,0.18833887577056885,0.05565152317285538,0.8420221209526062,0.5260663628578186,0.5260663628578186,0.8544304966926575,111.0,955.0,100.0,100.0
0.2155380648871263,0.13265495002269745,0.032880619168281555,0.9057539701461792,0.6714285612106323,0.7391874194145203,0.946280300617218,564.0,4001.0,276.0,199.0,0.3529699742794037,0.18803292512893677,0.0556500144302845,0.8420221209526062,0.5260663628578186,0.5260663628578186,0.8561375737190247,111.0,955.0,100.0,100.0
0.19778792694920586,0.12767869234085083,0.029987573623657227,0.9105158448219299,0.688095211982727,0.7535853981971741,0.9549275040626526,578.0,4011.0,262.0,189.0,0.3528890311717987,0.18751008808612823,0.05563303083181381,0.8420221209526062,0.5260663628578186,0.5260663628578186,0.8570359349250793,111.0,955.0,100.0,100.0
0.21489496958397683,0.13121944665908813,0.03225940093398094,0.9091269373893738,0.6761904954910278,0.7533156275749207,0.9449911713600159,568.0,4014.0,272.0,186.0,0.3527563512325287,0.1872372329235077,0.055631015449762344,0.8420221209526062,0.5260663628578186,0.5260663628578186,0.85744708776474,111.0,955.0,100.0,100.0
0.20919513475327264,0.1312083899974823,0.031803883612155914,0.9081348180770874,0.6845238208770752,0.7438551187515259,0.9495793581008911,575.0,4002.0,265.0,198.0,0.3526279628276825,0.18703214824199677,0.055632784962654114,0.8420221209526062,0.5260663628578186,0.5260663628578186,0.8585633635520935,111.0,955.0,100.0,100.0
